{"data": [{"colorscale": [[0, "#ffffff"], [1, "#4a90d9"]], "showscale": false, "x": [0, 1, 2, 3, 4], "y": [-2.686663797571807, -2.5148058798621205, -2.342947962152434, -2.1710900444427477, -1.9992321267330613, -1.8273742090233749, -1.6555162913136883, -1.483658373604002, -1.3118004558943155, -1.1399425381846293, -0.9680846204749428, -0.7962267027652563, -0.6243687850555699, -0.4525108673458835, -0.28065294963619714, -0.10879503192651074, 0.06306288578317587, 0.23492080349286226, 0.40677872120254865, 0.578636638912235, 0.7504945566219214, 0.9223524743316078, 1.0942103920412942, 1.2660683097509808, 1.4379262274606672, 1.6097841451703534, 1.78164206288004, 1.9534999805897266, 2.125357898299413, 2.297215816009099], "z": [[0.019395867107875782, 0.019591784957450283, 0.0, 0.0, 0.0], [0.01939586710787583, 0.019591784957450335, 0.0, 0.0, 0.0], [0.0, 0.05877535487235085, 0.0, 0.0, 0.0], [0.01939586710787583, 0.0, 0.01999573928646993, 0.0, 0.0], [0.07758346843150313, 0.09795892478725142, 0.019995739286469878, 0.0, 0.0], [0.0, 0.03918356991490062, 0.0, 0.0, 0.02155096345319534], [0.15516693686300645, 0.05877535487235092, 0.03999147857293981, 0.0, 0.04310192690639068], [0.15516693686300645, 0.11755070974470185, 0.019995739286469905, 0.0, 0.0], [0.15516693686300645, 0.11755070974470185, 0.03999147857293981, 0.0, 0.02155096345319534], [0.2715421395102613, 0.07836713982980124, 0.15996591429175924, 0.06279237552909434, 0.0], [0.21335453818663386, 0.1959178495745031, 0.17996165357822913, 0.041861583686062895, 0.04310192690639068], [0.27154213951026096, 0.25469320444685367, 0.15996591429175902, 0.06279237552909425, 0.06465289035958593], [0.3685214750496408, 0.25469320444685434, 0.17996165357822935, 0.10465395921515737, 0.08620385381278148], [0.42670907637326716, 0.3526521292341051, 0.15996591429175902, 0.16744633474425136, 0.04310192690639062], [0.3297297408338892, 0.293876774361755, 0.47989774287527837, 0.18837712658728326, 0.17240770762556296], [0.36852147504963984, 0.4310192690639062, 0.33992756786998796, 0.23023871027334558, 0.17240770762556248], [0.36852147504963984, 0.5093864088937073, 0.3799190464429277, 0.3767542531745655, 0.25861156143834374], [0.3297297408338892, 0.43101926906390736, 0.4399062643023385, 0.20930791843031474, 0.23706059798514906], [0.446104943481143, 0.3330603442766548, 0.2599446107241084, 0.23023871027334558, 0.43101926906390625], [0.29093800661813746, 0.43101926906390736, 0.6798551357399776, 0.5023390042327553, 0.3232644517979305], [0.3103338737260125, 0.2938767743617543, 0.31993182858351804, 0.502339004232754, 0.5818760132362735], [0.29093800661813746, 0.2742849894043047, 0.4399062643023385, 0.4604774205466924, 0.3879173421575166], [0.1939586710787578, 0.3526521292341051, 0.31993182858351804, 0.6069929634479112, 0.3017134883447344], [0.15516693686300626, 0.2155096345319531, 0.21995313215116863, 0.5232697960757855, 0.34481541525112497], [0.116375202647255, 0.176326064617053, 0.21995313215116924, 0.29303108580244064, 0.409468305610712], [0.0581876013236275, 0.13714249470215234, 0.3399275678699888, 0.27210029395940916, 0.4525702325171027], [0.11637520264725439, 0.09795892478725117, 0.0799829571458793, 0.2930310858024391, 0.5818760132362719], [0.15516693686300664, 0.11755070974470203, 0.17996165357822935, 0.29303108580244064, 0.3232644517979305], [0.03879173421575166, 0.019591784957450335, 0.03999147857293986, 0.12558475105818884, 0.30171348834473516], [0.09697933553937917, 0.03918356991490067, 0.09997869643234965, 0.27210029395940916, 0.21550963453195368]], "type": "heatmap"}], "layout": {"template": {"data": {"histogram2dcontour": [{"type": "histogram2dcontour", "colorbar": {"outlinewidth": 0, "ticks": ""}, "colorscale": [[0.0, "#0d0887"], [0.1111111111111111, "#46039f"], [0.2222222222222222, "#7201a8"], [0.3333333333333333, "#9c179e"], [0.4444444444444444, "#bd3786"], [0.5555555555555556, "#d8576b"], [0.6666666666666666, "#ed7953"], [0.7777777777777778, "#fb9f3a"], [0.8888888888888888, "#fdca26"], [1.0, "#f0f921"]]}], "choropleth": [{"type": "choropleth", "colorbar": {"outlinewidth": 0, "ticks": ""}}], "histogram2d": [{"type": "histogram2d", "colorbar": {"outlinewidth": 0, "ticks": ""}, "colorscale": [[0.0, "#0d0887"], [0.1111111111111111, "#46039f"], [0.2222222222222222, "#7201a8"], [0.3333333333333333, "#9c179e"], [0.4444444444444444, "#bd3786"], [0.5555555555555556, "#d8576b"], [0.6666666666666666, "#ed7953"], [0.7777777777777778, "#fb9f3a"], [0.8888888888888888, "#fdca26"], [1.0, "#f0f921"]]}], "heatmap": [{"type": "heatmap", "colorbar": {"outlinewidth": 0, "ticks": ""}, "colorscale": [[0.0, "#0d0887"], [0.1111111111111111, "#46039f"], [0.2222222222222222, "#7201a8"], [0.3333333333333333, "#9c179e"], [0.4444444444444444, "#bd3786"], [0.5555555555555556, "#d8576b"], [0.6666666666666666, "#ed7953"], [0.7777777777777778, "#fb9f3a"], [0.8888888888888888, "#fdca26"], [1.0, "#f0f921"]]}], "heatmapgl": [{"type": "heatmapgl", "colorbar": {"outlinewidth": 0, "ticks": ""}, "colorscale": [[0.0, "#0d0887"], [0.1111111111111111, "#46039f"], [0.2222222222222222, "#7201a8"], [0.3333333333333333, "#9c179e"], [0.4444444444444444, "#bd3786"], [0.5555555555555556, "#d8576b"], [0.6666666666666666, "#ed7953"], [0.7777777777777778, "#fb9f3a"], [0.8888888888888888, "#fdca26"], [1.0, "#f0f921"]]}], "contourcarpet": [{"type": "contourcarpet", "colorbar": {"outlinewidth": 0, "ticks": ""}}], "contour": [{"type": "contour", "colorbar": {"outlinewidth": 0, "ticks": ""}, "colorscale": [[0.0, "#0d0887"], [0.1111111111111111, "#46039f"], [0.2222222222222222, "#7201a8"], [0.3333333333333333, "#9c179e"], [0.4444444444444444, "#bd3786"], [0.5555555555555556, "#d8576b"], [0.6666666666666666, "#ed7953"], [0.7777777777777778, "#fb9f3a"], [0.8888888888888888, "#fdca26"], [1.0, "#f0f921"]]}], "surface": [{"type": "surface", "colorbar": {"outlinewidth": 0, "ticks": ""}, "colorscale": [[0.0, "#0d0887"], [0.1111111111111111, "#46039f"], [0.2222222222222222, "#7201a8"], [0.3333333333333333, "#9c179e"], [0.4444444444444444, "#bd3786"], [0.5555555555555556, "#d8576b"], [0.6666666666666666, "#ed7953"], [0.7777777777777778, "#fb9f3a"], [0.8888888888888888, "#fdca26"], [1.0, "#f0f921"]]}], "mesh3d": [{"type": "mesh3d", "colorbar": {"outlinewidth": 0, "ticks": ""}}], "scatter": [{"fillpattern": {"fillmode": "overlay", "size": 10, "solidity": 0.2}, "type": "scatter"}], "parcoords": [{"type": "parcoords", "line": {"colorbar": {"outlinewidth": 0, "ticks": ""}}}], "scatterpolargl": [{"type": "scatterpolargl", "marker": {"colorbar": {"outlinewidth": 0, "ticks": ""}}}], "bar": [{"error_x": {"color": "#2a3f5f"}, "error_y": {"color": "#2a3f5f"}, "marker": {"line": {"color": "#E5ECF6", "width": 0.5}, "pattern": {"fillmode": "overlay", "size": 10, "solidity": 0.2}}, "type": "bar"}], "scattergeo": [{"type": "scattergeo", "marker": {"colorbar": {"outlinewidth": 0, "ticks": ""}}}], "scatterpolar": [{"type": "scatterpolar", "marker": {"colorbar": {"outlinewidth": 0, "ticks": ""}}}], "histogram": [{"marker": {"pattern": {"fillmode": "overlay", "size": 10, "solidity": 0.2}}, "type": "histogram"}], "scattergl": [{"type": "scattergl", "marker": {"colorbar": {"outlinewidth": 0, "ticks": ""}}}], "scatter3d": [{"type": "scatter3d", "line": {"colorbar": {"outlinewidth": 0, "ticks": ""}}, "marker": {"colorbar": {"outlinewidth": 0, "ticks": ""}}}], "scattermapbox": [{"type": "scattermapbox", "marker": {"colorbar": {"outlinewidth": 0, "ticks": ""}}}], "scatterternary": [{"type": "scatterternary", "marker": {"colorbar": {"outlinewidth": 0, "ticks": ""}}}], "scattercarpet": [{"type": "scattercarpet", "marker": {"colorbar": {"outlinewidth": 0, "ticks": ""}}}], "carpet": [{"aaxis": {"endlinecolor": "#2a3f5f", "gridcolor": "white", "linecolor": "white", "minorgridcolor": "white", "startlinecolor": "#2a3f5f"}, "baxis": {"endlinecolor": "#2a3f5f", "gridcolor": "white", "linecolor": "white", "minorgridcolor": "white", "startlinecolor": "#2a3f5f"}, "type": "carpet"}], "table": [{"cells": {"fill": {"color": "#EBF0F8"},