{"data": [{"x": [0.0, 0.064, 0.128, 0.192, 0.256, 0.32, 0.384, 0.448, 0.512, 0.5760000000000001, 0.64, 0.704, 0.768, 0.8320000000000001, 0.896, 0.96, 1.024, 1.088, 1.1520000000000001, 1.216, 1.28, 1.344, 1.408, 1.472, 1.536, 1.6, 1.6640000000000001, 1.728, 1.792, 1.856, 1.92, 1.984, 2.048, 2.112, 2.176, 2.24, 2.3040000000000003, 2.368, 2.432, 2.496, 2.56, 2.624, 2.688, 2.7520000000000002, 2.816, 2.88, 2.944, 3.008, 3.072, 3.136, 3.2, 3.2640000000000002, 3.3280000000000003, 3.392, 3.456, 3.52, 3.584, 3.648, 3.712, 3.7760000000000002, 3.84, 3.904, 3.968, 4.032, 4.096, 4.16, 4.224, 4.288, 4.352, 4.416, 4.48, 4.5440000000000005, 4.6080000000000005, 4.672, 4.736, 4.8, 4.864, 4.928, 4.992, 5.056, 5.12, 5.184, 5.248, 5.312, 5.376, 5.44, 5.5040000000000004, 5.5680000000000005, 5.632, 5.696, 5.76, 5.824, 5.888, 5.952, 6.016, 6.08, 6.144, 6.208, 6.272, 6.336, 6.4, 6.464, 6.5280000000000005, 6.5920000000000005, 6.656000000000001, 6.72, 6.784, 6.848, 6.912, 6.976, 7.04, 7.104, 7.168, 7.232, 7.296, 7.36, 7.424, 7.488, 7.5520000000000005, 7.6160000000000005, 7.68, 7.744, 7.808, 7.872, 7.936, 8.0, 8.064, 8.128, 8.192, 8.256, 8.32, 8.384, 8.448, 8.512, 8.576, 8.64, 8.704, 8.768, 8.832, 8.896, 8.96, 9.024000000000001, 9.088000000000001, 9.152000000000001, 9.216000000000001, 9.28, 9.344, 9.408, 9.472, 9.536, 9.6, 9.664, 9.728, 9.792, 9.856, 9.92, 9.984, 10.048, 10.112, 10.176], "y": [0.0, 0.03199453894628012, 0.06395631828030929, 0.09585261193281704, 0.12765076088614874, 0.15931820661424598, 0.19082252441973235, 0.2221314566339704, 0.25321294564609564, 0.28403516672720885, 0.31456656061611776, 0.3447758658332631, 0.3746321506897417, 0.4041048449586535, 0.4331637711763425, 0.46177917554148284, 0.48992175838037155, 0.517562704147234, 0.5446737109288252, 0.5712270194231158, 0.5971954413623921, 0.622552387351666, 0.6472718940938926, 0.6713286509741178, 0.6946980259753357, 0.7173560908995228, 0.7392796458680209, 0.7604462430761862, 0.7808342097779802, 0.800422670476967, 0.8191915683009983, 0.8371216855386975, 0.8541946633167175, 0.8703930203976219, 0.8857001710791459, 0.9001004421765051, 0.9135790890703677, 0.9261223108040562, 0.9377172642145216, 0.9483520770826194, 0.9580158602892249, 0.9666987189647404, 0.9743917626205755, 0.9810871142522325, 0.9867779184046691, 0.9914583481916864, 0.9951236112621509, 0.9977699547069429, 0.9993946689016079, 0.9999960902807757, 0.9995736030415051, 0.998127639773813, 0.9956596810177395, 0.9921722537474047, 0.9876689287836077, 0.9821543171376185, 0.9756340652899047, 0.9681148494086297, 0.9596043685138391, 0.9501113365943374, 0.9396454736853249, 0.9282174959159304, 0.9158391045368318, 0.9025229739391981, 0.8882827386772196, 0.8731329795075164, 0.8570892084597173, 0.8401678529534969, 0.8223862389783335, 0.8037625733532094, 0.7843159250844198, 0.7640662058405758, 0.743034149564796, 0.7212412912449607, 0.6987099448637648, 0.675463180551151, 0.6515248009625115, 0.6269193169068491, 0.60167192224985, 0.5758084681175674, 0.5493554364271266, 0.5223399127715566, 0.4947895586865085, 0.4667325833272611, 0.4381977145850099, 0.4092141696720173, 0.3798116252057398, 0.3500201868225651, 0.3198703583522711, 0.28939301058476835, 0.25861934966111083, 0.22758088512113253, 0.19630939764043262, 0.1648369064897403, 0.13319563674997953, 0.10141798631660186, 0.06953649272697236, 0.03758379984477451, 0.005592624435546041, -0.026404277332430122, -0.058374143427580086, -0.09028423950049659, -0.12210189240105253, -0.1537945236328518, -0.1853296827107628, -0.21667508038737962, -0.24779862171439138, -0.2786684389050025, -0.3092529239637634, -0.33952076105039597, -0.3694409585444771, -0.3989828807781503, -0.4281162794043728, -0.4568113243685797, -0.4850386344520532, -0.5127693073557238, -0.5399749492935986, -0.5666277040655172, -0.592700281579467, -0.6181659857942525, -0.6429987420539088, -0.6671731237858718, -0.6906643785355653, -0.7134484533107527, -0.7355020192096992, -0.7568024953079282, -0.777328071779116, -0.7970577322264467, -0.8159712752015678, -0.8340493348891067, -0.8512734009355745, -0.8676258374023501, -0.8830899008233405, -0.8976497573488269, -0.9112904989579435, -0.9239981587231879, -0.9357597251113351, -0.9465631553061098, -0.9563973875389784, -0.9652523524154335, -0.9731189832251739, -0.9799892252256235, -0.9858560438892843, -0.9907134321064778, -0.9945564163360999, -0.9973810616980933, -0.9991844760024201, -0.9999648127104122, -0.9997212728254649, -0.9984541057111403, -0.9961646088358407, -0.9928551264443137, -0.9885290471573513, -0.9831908005021377, -0.9768458523768004, -0.9695006994538088, -0.9611628625279488, -0.9518408788156858, -0.9415442932138018, -0.9302836485262543], "name": "signal", "mode": "lines", "type": "scatter"}], "layout": {"margin": {"l": 40, "r": 15, "t": 15, "b": 30}, "showlegend": true, "legend": {"orientation": "h"}}}